Id,ORGANIZATION,NAME,GENDER,SPECIALITY,ADDRESS,CITY,STATE,ZIP,LAT,LON,ENCOUNTERS,PROCEDURES
921a9de2-55f9-3791-b67c-dd57c208b50c,74ab949d-17ac-3309-83a0-13b4405c66aa,Gabriel934 Reilly981,F,GENERAL PRACTICE,881 Main Street,Fitchburg,MA,01420,42.586487,-71.80521,590,0
c4a05710-5af2-3a62-bb46-677416c970a7,588f6ce6-b8db-3588-8189-29db2680a313,Tiffaney302 Brakus656,F,GENERAL PRACTICE,461 WALNUT AVE,JAMAICA PLAIN,MA,021302331,42.311587599999996,-71.09800136347226,31,0
9b395d86-5dcc-3160-b486-e10cb60144b4,b6398e07-4967-31a5-807f-380039a1f303,Shane235 Lueilwitz711,M,GENERAL PRACTICE,19 TACOMA ST,WORCESTER,MA,016053516,42.30230485,-71.76614692511056,50,0
1076b876-a8d7-37ae-82cb-9ddb7f51ddf3,17a4bae5-8b64-34d7-8144-b428be027bd0,Olympia319 Ward668,F,GENERAL PRACTICE,512 MAIN STREET  SUITE 211,SHREWSBURY,MA,015456406,42.295109499999995,-71.71808471110307,2,0
9eb051b3-edac-3323-9078-907793627247,e09d4c49-c2ef-3b0f-9a46-3719d9219306,Jules135 Emard19,M,GENERAL PRACTICE,60 HOSPITAL RD,LEOMINSTER,MA,014533290,42.54031915,-71.76312990486304,117,0
d4f212fe-dc4b-305e-a1b3-2b6df598c346,2936ca90-6594-357d-be14-53fe0ab84dd1,Daniel959 Ankunding277,M,GENERAL PRACTICE,11 TREMONT ST,KINGSTON,MA,023641231,42.00823215,-70.72984043580247,50,0
27c38c9c-2fdb-357d-a1cb-c5c3f419369b,883104df-bf21-3226-a432-30a61ac7416d,María José279 Cotto891,F,GENERAL PRACTICE,19B CROSBY DR STE 160,BEDFORD,MA,017301412,42.5044791,-71.2417607,27,0
d8a0a6fb-fd8d-324f-a24e-e9ec9600a1c7,ab701a70-a658-340e-8f69-ee196a7d40c6,Bud153 Parisian75,M,GENERAL PRACTICE,484 RTE 134,WORCESTER,MA,016071728,42.2625621,-71.8018877,17,0
05c5f68d-bf47-3b72-9255-2624a9b95682,11ba6a26-59b4-3728-a268-6dc9929962b4,Angelic427 McCullough561,F,GENERAL PRACTICE,200 GOVERNORS AVENUE,MEDFORD,MA,021551644,42.42711615,-71.1121606632448,5,0
f41f196e-d357-3da4-8b28-18ebfdd67433,4cf79e95-2815-3a4c-a3b8-951fe548dd27,Tracey100 Champlin946,F,GENERAL PRACTICE,20 ELM ST,PITTSFIELD,MA,012016502,42.4458896,-73.2448206979669,86,0
7cc37bdf-f969-393f-be40-b5d1b042186f,52ecddd8-42f6-35cc-88a5-cf474c02fb49,Maxima831 Fahey393,F,GENERAL PRACTICE,94 OBERY STREET,PLYMOUTH,MA,023602130,41.93725,-70.65503160208334,34,0
42ea8231-3f9a-3f10-8cba-9705865d71c7,1311c44a-85cb-3aea-a143-e5d7892ced8b,Rudolf736 Reinger292,M,GENERAL PRACTICE,300 KENSINGTON AVE,SPRINGFIELD,MA,011071139,42.091896,-72.559437,39,0
e20f665a-cc02-3a55-8ce6-98080b94b7f8,667b46fe-0afa-3f70-a311-bbe3d52db050,Joshua658 Borer986,M,GENERAL PRACTICE,757 BOSTON POST RD,WORCESTER,MA,016071728,42.231371,-72.165386,8,0
76edd338-6b9d-36bb-b8f2-8b5368e880de,009f87f0-4bb6-350c-ba41-0b3235a7ca43,Delbert384 Tromp100,M,GENERAL PRACTICE,277 ELLIOT ST,NEWTON UPPER FALLS,MA,024641201,42.3134306,-71.2206105,1,0
6e9a8963-792a-3020-b104-4a88fed1fdd6,8f0ec876-22d3-3986-892e-4c2052d0fffa,Inés791 Castillo397,F,GENERAL PRACTICE,94 SUMMER ST,FITCHBURG,MA,014205761,42.57835885,-71.78584786190521,1,0
acf3d9cd-71b9-381b-9e84-0a367401456e,8e3ca57f-6f74-3d61-9803-ab1424290216,Humberto482 Mann644,M,GENERAL PRACTICE,89 MORTON STREET,ANDOVER,MA,018102036,42.6551409,-71.12857340697036,10,0
5bda6d50-5034-36d4-b088-de55d80e0f05,5fcff9db-16e4-3e56-aa78-abbc16338097,Marcus77 Schamberger479,M,GENERAL PRACTICE,295 VARNUM AVE,WESTFORD,MA,018863513,42.5792583,-71.4378411,31,0
849cda24-66ff-3cd3-a47a-0c3f73269988,fa09396a-2926-3b21-ad0c-9f6cabbce0eb,Moshe758 Bartoletti50,M,GENERAL PRACTICE,1210 BOSTON PROVIDENCE TPKE,NORWOOD,MA,020625061,42.1714075,-71.1951186,1,0
ee03dbe9-8e48-30b3-a4b7-2daccbaf2717,1ddd51d1-7297-3c3b-bad5-98aecd5e4a79,Derrick232 Kub800,M,GENERAL PRACTICE,127 CAMBRIDGE STREET  SUTIE #2B,BURLINGTON,MA,018033735,42.50188325,-71.19559351572005,9,0
b4015b7d-27c0-31b4-b95e-7331c76120a3,4cb90b5f-734d-322f-a2f2-776824e1ce35,Irvin970 Emard19,M,GENERAL PRACTICE,770 CONVERSE STREET,LONGMEADOW,MA,011061719,42.0639853,-72.5521444,9,0
369ccaef-58be-31a6-b967-01171450c313,b66db758-a205-3227-9cfb-bf19d2c1962d,Noreen211 Stroman228,F,GENERAL PRACTICE,121 HARVARD AVENUE  2ND FL,ALLSTON,MA,021342702,42.35241825,-71.13220132573996,9,0
6ab71d6c-ef0e-36c8-8cea-7e11b04e0f21,32fcdfba-8c93-30f4-b15b-dd3b65c29deb,Sparkle906 Bernhard322,F,GENERAL PRACTICE,20 NORTH MAPLE STREET,HADLEY,MA,010359715,42.3615107,-72.55261320852942,4,0
e9bd5251-1121-3ab8-9fc2-88fe69e06f09,02c936e2-3aee-38b2-88a4-81f3689b7bb7,Aaron697 Kohler843,M,GENERAL PRACTICE,120 FISHER AVENUE,BOSTON,MA,021203320,42.3276141,-71.1051603,18,0
38f91332-d696-35a1-801e-af74635dfd83,609ec9f1-e806-3427-b912-9e3b2915521d,Terence292 Conn188,M,GENERAL PRACTICE,575 BEECH STREET,HOLYOKE,MA,010406604,42.20105435,-72.628169560868,1,0
93320f9d-134a-31b9-9a9b-0a6d7871f9a3,2b84e56e-08b4-3078-b3ea-4d159208e065,Barton704 Bahringer146,M,GENERAL PRACTICE,1029 PLEASANT ST,BRIDGEWATER,MA,023242301,41.9718173,-71.00937893001648,33,0
f1e6ece7-8fcd-3494-894d-30357f9f88d4,05137a62-1a8f-34ff-8baf-a0c35c238ea0,Houston994 Olson653,M,GENERAL PRACTICE,750  ATTUCKS LANE,HYANNIS,MA,026011950,41.676027500000004,-70.29727035,10,0
a3d00bef-2b56-38eb-a25d-b05a5453a273,ede4a423-6258-3ef5-b5ba-0fa6bb579563,Olinda137 Paucek755,F,GENERAL PRACTICE,326 NICHOLS ROAD,FITCHBURG,MA,014205478,42.5974358,-71.80761197366103,20,0
cab5f5db-22cd-3d91-a9bc-584dd7f85d1c,a14e698d-a9ba-3eae-9c8b-682ec726433d,Karla801 Cummerata161,F,GENERAL PRACTICE,776 WESTERN AVE,LYNN,MA,019052408,42.466763,-70.9494939,2,0
6b52de5c-2c9f-323c-8146-7b2941851c10,4c1a8ea6-b690-3c28-a02e-ebd82190ee65,Hui924 Cronin387,F,GENERAL PRACTICE,885 WASHINGTON ST,BOSTON,MA,021111415,42.3479909,-71.064924,6,0
35d648c4-29ab-3bd0-939a-9afe8fcac81f,5ba6765a-f335-36b0-9c6a-6bb494c5330d,Carlota980 Solís294,F,GENERAL PRACTICE,31 OLD ROUTE 7,WESTWOOD,MA,020902333,42.2139873,-71.2244987,5,0
be10c885-d992-3c8d-a456-e80a7e7b509b,b6eeaaf7-1683-3bcb-b6ee-81ce304636ef,Ariane992 Pagac496,F,GENERAL PRACTICE,170 GOVERNORS AVE,MELROSE,MA,021763225,42.4564323,-71.064182,173,0
3090cf3f-1b16-38a6-a1ed-e029bf1f6603,de29a374-221b-3cb4-8051-a02c1a35e5b7,Gwyneth692 Marvin195,F,GENERAL PRACTICE,562 WASHINGTON ST,SOUTH ATTLEBORO,MA,027036942,41.912892049999996,-71.36135809627689,33,0
7837d8db-dd70-3c65-ab37-99d25329a9a8,b3ada130-6443-3a8e-98c7-4ec127a2b0c4,Natalya468 Haley279,F,GENERAL PRACTICE,ONE GREAT ROAD,ACTON,MA,017205601,42.4850931,-71.43284,3,0
783533ec-ec8c-3352-9d65-380611364b52,19e792bd-49ef-37ee-904e-625347462fb3,Harlan808 Okuneva707,M,GENERAL PRACTICE,50 CHEYENNE RD,WORCESTER,MA,016062652,42.31045965,-71.81001269999999,14,0
1eb46c05-5188-3477-a295-d61b67501f10,acffdfa8-1383-3929-8c99-e73969491439,Iva908 O'Keefe54,F,GENERAL PRACTICE,1153 CENTRE ST,BOSTON,MA,021303446,42.3017598,-71.12855793387442,1,0
c5b8f2bc-7fd6-3e78-869d-58e3a4a24d59,1e11392b-1278-3e70-93cd-f396cbd0c265,Gerry91 Block661,F,GENERAL PRACTICE,115 LINCOLN ST,NATICK,MA,017607700,42.2843753,-71.3441395,18,0
3ec42709-8601-3272-8e68-7aa6badd81dc,fe30f2b4-9bc8-346e-afba-4455d1766545,Wilson960 Turner526,M,GENERAL PRACTICE,17 LAFAYETTE AVENUE,CHELSEA,MA,021502010,42.40019115,-71.03050082480353,6,0
b5c6dedd-886f-313c-9182-0e25be359c57,6cf8a214-8d57-3267-85e5-7719e15cd63e,Michel472 Zulauf375,M,GENERAL PRACTICE,170 MORTON STREET,JAMAICA PLAIN,MA,021303735,42.299067750000006,-71.10124351911541,278,0
0abbc064-4102-33f2-a316-e40d88fe8719,0fedae9f-701f-3317-9b2f-69aea2202cdc,Willian804 Batz141,M,GENERAL PRACTICE,88 EAST NEWTON STREET,WINTHROP,MA,021522715,42.3750976,-70.982827,27,0
256e890f-de07-3d57-aa34-e5daa59be30c,c7b63332-fdc7-3ab3-936b-284b931a9f6a,Bertha558 Nolan344,F,GENERAL PRACTICE,55 COOPER STREET,AGAWAM,MA,010012149,42.080218599999995,-72.61816103207964,1,0
aff4c7e3-8a8b-3005-bd94-a1274301bcf7,733fc7d0-7cf3-3995-82ef-a9883b807273,Melissa844 Yundt842,F,GENERAL PRACTICE,175 FRANKLIN STREET,NORTH ADAMS,MA,012472712,42.70707,-73.10094536747326,3,0
2ec35b4d-21a0-3bb9-a783-ca4272cb0173,96e9e829-0b71-3ad3-8b41-60e25b5d47d7,Doyle959 Crooks415,M,GENERAL PRACTICE,111 ORIENT AVE,EAST BOSTON,MA,021281006,42.39055278090538,-71.00587148689957,2,0
a420e308-5e29-38d7-8879-72cb6f7299c9,e59fb2d5-508c-38c6-af2e-21d8216dd2b0,Logan497 Fisher429,M,GENERAL PRACTICE,759 CHESTNUT ST,WARE,MA,010821625,42.256476,-72.237482,94,0
d3e6b960-7f59-31fd-959f-0c6b8e547723,7a3b8310-02eb-3c47-aa1b-3f55b3ed9de9,Leif534 Dare640,M,GENERAL PRACTICE,6 HATFIELD ST,NORTHAMPTON,MA,010602545,42.333172950000005,-72.6566355591273,4,0
1d311d2a-b597-3555-9a37-26e67bed5b2e,0f9d1260-db33-3483-b2b6-5483cfcb739c,Felipe97 Lebsack687,M,GENERAL PRACTICE,361 WOODWARD ST,WABAN,MA,024682027,42.326011949999994,-71.2254251580706,35,0
3c811578-4ab2-3a58-9fc3-1fc0a733469d,980d9bfa-a344-3bff-8c02-232dd0e8fd34,Teresa94 Mireles421,F,GENERAL PRACTICE,100 TRADE CENTER SUITE G-700,WOBURN,MA,018011851,42.4792618,-71.1522766,27,0
c3bd41c5-5d0b-3445-869f-b46707be7976,3b021cb6-4745-3d9d-8436-230055f770bd,Dusty207 Franecki195,M,GENERAL PRACTICE,148 CHESTNUT ST,NEEDHAM,MA,024943238,42.27728075,-71.23665362814043,274,0
6288e673-6ddc-3888-bae0-bb445b6e0046,ce53c877-0290-390a-b4b4-2462001a1713,Greg949 Hilll811,M,GENERAL PRACTICE,847 ROGERS STREET  SUITE 201,LOWELL,MA,018524345,42.6275246,-71.27673639687623,7,0
caf2eb23-4411-3b19-9c3a-83461a3ff48f,57e4e5fa-d68d-3caa-a5ad-37beb1b51207,Abdul218 White193,M,GENERAL PRACTICE,800 WASHINGTON ST,NORWOOD,MA,020623487,42.1886973,-71.2005241,2,0
f32ef332-6e47-3ec2-8eff-9468367c2192,b20a0fe1-53b3-33fc-8acb-bc9a2df64e57,Michaele314 Schoen8,F,GENERAL PRACTICE,3 PATTERSON ROAD  SUITE 3,SHIRLEY,MA,014642907,42.552462649999995,-71.62383665745185,2,0
b7c847df-8f73-3929-9cf1-3e6e76ec59fc,00ffb204-07b4-3c72-a678-fa252e6cf86c,Alex454 Satterfield305,M,GENERAL PRACTICE,450 BEDFORD ST,LEXINGTON,MA,02420,42.47370735,-71.25090005,112,0
7f76cafb-ffad-3b09-87fd-9bd6bcba6ba4,ad82d624-72eb-3c7d-a76d-79f2668d1390,Georgianne697 Howe413,F,GENERAL PRACTICE,3 WOODLAND RD,STONEHAM,MA,021801711,42.452443099999996,-71.08939988105112,109,0
fe6bb315-047a-3915-b191-4172308a91a3,b8421363-9807-3b16-a146-95336eea5cfb,Saundra460 Kuphal363,F,GENERAL PRACTICE,30 LOCUST ST,NORTHAMPTON,MA,010602052,42.33032115,-72.65330802608176,77,0
465e19f4-a1bc-3ce6-8946-365454dd265f,3498e7d3-90fd-366b-bc6a-6f41dad6bae6,Olympia319 Bradtke547,F,GENERAL PRACTICE,112 WEST MAIN STREET,NORTHBOROUGH,MA,015321824,42.318559050000005,-71.65097281611972,2,0
15826481-739a-31be-bdca-01d4af38290a,68ea50ba-275f-3f6c-ad1f-0aefae7144eb,Carletta836 West559,F,GENERAL PRACTICE,25 ARMORY ST,WEST NEWTON,MA,024652110,42.3504314,-71.21988040449209,2,0
f4bbe47b-e38e-377d-bb2e-f9e3aab4804d,901c2d40-1ca3-3879-9a20-c663b8adc0a9,Chanelle850 Schuster709,F,GENERAL PRACTICE,800 WASHINGTON STREET,STONEHAM,MA,021802445,42.4863168,-71.0928919,119,0
4eb142ca-ee0a-3fd4-b2f3-dd6f2ed67ff2,b9e35b8a-9831-32d8-a6dc-d7a546c126b0,Venus149 Blick895,F,GENERAL PRACTICE,111 HUNTOON MEMORIAL HIGHWAY  1ST FLOOR,SPRINGFIELD,MA,011092550,42.1018764,-72.5886727,162,0
d7d42e14-681f-3ea8-a45e-5391b2aa70fd,22249c0a-8ce9-3726-a3bb-b037c773ce5c,Thaddeus38 Sauer652,M,GENERAL PRACTICE,337 NEPONSET AVENUE,DORCHESTER,MA,021223103,42.2875144,-71.0470691675753,29,0
c0c33c84-501c-3cd8-8628-64c9dc6792c1,38508743-50d1-3429-8fe2-37e42ddaf20e,Erick204 Mayer370,M,GENERAL PRACTICE,164 HIGH ST,GREENFIELD,MA,013012778,42.595268700000005,-72.59288632376354,293,0
85cc7f53-c19d-3117-8f30-24688bf594af,27bf2e46-7445-35e7-9106-3ce1b074db47,Kathryn101 Donnelly343,F,GENERAL PRACTICE,80 BOSTON RD,NORTH BILLERICA,MA,018621034,42.5871093,-71.2948553,1,0
765238dc-e089-3e50-b3de-85ed99d61b10,dd3307db-114c-3f11-be44-a9eef6bb3fc5,Evelin941 Ratke343,F,GENERAL PRACTICE,269 UNION STREET,LYNN,MA,019011201,42.4652772,-70.94362420273097,10,0
ed47f00d-d2c2-357d-b079-fa23c835f9a1,15d4c950-4691-3996-b4c4-bf06bfb58ff7,Azucena377 Crona259,F,GENERAL PRACTICE,70 EAST ST,METHUEN,MA,018445883,42.7285558,-71.16833738237946,87,0
e920f071-340b-3602-ada6-8164a6ff79e4,655f2a4f-419c-39d3-8ed6-6c4117eb7e32,Aurore252 Herzog843,F,GENERAL PRACTICE,21 MAIN ST,NORTH READING,MA,018641326,42.566971949999996,-71.10799861135133,38,0
b24d7c7f-29ef-35ad-be02-3e7e586a2b38,118e081c-c2f2-35cd-b9c3-ef534f1b7830,Nilda678 Ziemann98,F,GENERAL PRACTICE,1364 MAIN ST,READING,MA,018671137,42.55581805,-71.10585713492983,4,0
7a224020-b803-35ce-88b9-2d9b351e2d46,5018c664-e283-30eb-932a-529d9a19b3b5,Numbers230 Stehr398,M,GENERAL PRACTICE,300 SOUTH ST,WOBURN,MA,018014979,42.473347,-71.144086,38,0
11fecc33-ccdb-3a89-a31d-513f17db77d6,2e8b42f8-4300-30a9-a576-d513d1021a0a,Beverlee316 Haag279,F,GENERAL PRACTICE,600 CLARK RD,TEWKSBURY,MA,018761699,42.63120935,-71.27023603178071,12,0
d77a0b06-3f34-356f-a1ab-b05fb8eb8f9f,0caa0116-ef9a-3d4c-bcff-9c405a9d2bda,Aubrey96 Emard19,M,GENERAL PRACTICE,105 CHESTNUT ST STE 35,PLYMOUTH,MA,023604054,41.884685,-70.847219,62,0
aa6eb621-7d19-3805-ab54-c646b5ef6f0d,5ba77f2c-8ce5-3dde-bb46-3ffcceb3bfbf,Isidra572 Quitzon246,F,GENERAL PRACTICE,188 FLORENCE ST,CHESTNUT HILL,MA,024672641,42.31835025,-71.17401686317635,5,0
1c871bf6-e17a-3a9d-8cbe-142d714b22af,d4e48a16-0a60-3e90-81e5-c35b22ffe6af,Bertram873 Kutch271,M,GENERAL PRACTICE,856 STATE RD,NORTH ADAMS,MA,012473027,42.69967208677275,-73.16330754755236,1,0
2c096828-6c20-325c-8870-c1fa9653c61b,bccd7d67-203c-3d93-b6b0-bff5a146cd1d,Courtney281 Kihn564,M,GENERAL PRACTICE,286 WASHINGTON ST,STOUGHTON,MA,020721763,42.1384306,-71.1022598,143,0
8173c9d8-a1d4-3543-9527-32db51baf71c,6e290541-eba3-37fc-a3e2-e58f77e84c7e,Pedro316 Mercado213,M,GENERAL PRACTICE,15 LENOX ST.,SPRINGFIELD,MA,011083122,42.085779,-72.55846414285715,11,0
6160ff8e-b1dc-3815-9c67-687da8c55a7b,432821fe-58ed-33eb-823c-b4447a52c7e9,Criselda629 O'Keefe54,F,GENERAL PRACTICE,1071 VARNUM AVE,LOWELL,MA,018541131,42.64497212195122,-71.36843231707317,1,0
a601cd53-36e3-3247-8199-e805452862db,ca62a361-9c79-32d1-92cc-ffc0d5d19679,Sallie654 Barrows492,F,GENERAL PRACTICE,19 HENRY ST,SHARON,MA,020671714,42.109147300000004,-71.20768205338297,41,0
73dcaa5b-07ad-39f5-8f81-def1163882e5,db28cc9a-fdfb-35a6-aef7-ab9b933ef244,Clement78 Gleason633,M,GENERAL PRACTICE,8 DANA STREET,CAMBRIDGE,MA,021385402,42.3694992,-71.11011030010101,4,0
49756849-db9e-38af-ad6e-e8e8a6cf4871,844a8cb2-4164-35b2-88b8-dffa2889a738,Alonzo487 Conn188,M,GENERAL PRACTICE,150 UNIVERSITY DRIVE,AMHERST,MA,010022232,42.368937,-72.53247107203978,1,0
8fabc61d-051d-3858-84e7-9718c7560d74,52e42aa3-27fb-3298-a3ae-25529dfe6347,Ambrose149 Mills423,M,GENERAL PRACTICE,85 BEAUMONT DR,NORTHBRIDGE,MA,015341093,42.15719035,-71.6521339767302,1,0
2d381fdb-d46f-3a08-9ba6-57fbde01a676,5117bb89-3a9f-3740-a0f1-c3a1a8d7851e,Cecily421 Predovic534,F,GENERAL PRACTICE,20 ELM ST,PITTSFIELD,MA,012016502,42.4458896,-73.2448206979669,33,0
0bb21f46-f091-34be-b02b-494b507fa12f,f0e3e152-0b08-3819-b962-b043f63f6dc1,Manuela585 Rippin620,F,GENERAL PRACTICE,1010 VARNUM AVENUE,LOWELL,MA,018541915,42.6422606,-71.36626685573418,9,0
099fb220-7d4b-320b-9ff8-aafd6fcfa77d,ea8d287f-b3a9-3800-8798-788e334ee406,Shirly501 Kuphal363,F,GENERAL PRACTICE,81 HIGHLAND AVE,SWAMPSCOTT,MA,019072928,42.4699241,-70.9171507,157,0
df431719-8f50-3ed4-ae87-6edc8f6622eb,c7542447-e06e-32cb-b6db-243c23a0dbc2,Carson894 Krajcik437,M,GENERAL PRACTICE,30 WARREN ST,BOSTON,MA,021353602,42.3501483,-71.14393324457691,392,0
d8aac1df-3117-34d0-b0d5-bd047b7bb1b2,50c47685-8125-3c50-8311-8bd7ba9e9108,Kirby843 McKenzie376,M,GENERAL PRACTICE,4199 WASHINGTON ST,ROSLINDALE,MA,021311733,42.2871447,-71.1277526,45,0
2c018f1f-8551-395a-89bd-30c871fa56e2,8bf5325a-c11b-35c4-b07d-17a5aeba8353,Penni796 Okuneva707,F,GENERAL PRACTICE,815 WORCESTER STREET,SPRINGFIELD,MA,011511001,42.1018764,-72.5886727,2,0
aa3c010b-015b-3166-ad62-c7411228824d,87f3b181-1c52-3161-a15a-ea2d9a04b35f,Frederick289 Gerhold939,M,GENERAL PRACTICE,565 TURNPIKE ST STE 71,NORTH ANDOVER,MA,018455936,42.664934200000005,-71.11635234067887,35,0
3344c682-7bd0-37c6-822f-2f8c330adf70,621bd7b5-3f4c-3555-8daa-f1216e352f33,Mitchel812 Williamson769,M,GENERAL PRACTICE,34 AGASSIZ AVE,BELMONT,MA,024785023,42.38815185,-71.19406248191802,1,0
d0ed8c08-bf0b-3ecf-b8a6-1dfd6d5afeb3,47fb5a56-bee5-3ecd-9958-706b20831c82,Victoria535 Zambrano764,F,GENERAL PRACTICE,600 CUMMINGS CENTER  SUITE 270X,WOBURN,MA,018016356,42.4792618,-71.1522766,4,0
c2393cc3-c2dc-3827-a44a-d40edd3d3373,ca8a919a-05f9-3687-bfb6-42800a70031e,Josue598 Flatley871,M,GENERAL PRACTICE,6111 OAK TREE BLVD STE 301,FRAMINGHAM,MA,017014613,42.3095704,-71.4413097,30,0
0c6224eb-f81d-382d-94f9-b469ce559668,be509ccb-bfb7-3b87-8945-8426b689ef9d,Chong355 Balistreri607,F,GENERAL PRACTICE,2049 DORCHESTER AVENUE,BOSTON,MA,021244742,42.3554334,-71.060511,11,0
5640979f-aceb-3540-b154-43289ed9c237,065eba51-cef7-3976-8654-ba8e7df887ce,Arturo47 Montes106,M,GENERAL PRACTICE,1165 NORTH PLEASANT STREET,AMHERST,MA,01002,42.40927615,-72.52971238527101,3,0
f11cb837-d095-30d6-8dbe-5914c029884f,6873525f-1680-3ceb-b536-270d44b46e2e,Lai148 Nicolas769,F,GENERAL PRACTICE,500 COLUMBIA RD,DORCHESTER,MA,021252322,42.3147979,-71.067633,28,0
d788c764-a57b-3d5c-bea0-148052b066bc,da35b999-0af8-380e-9912-cd8b3bc09f53,Roland928 Hirthe744,M,GENERAL PRACTICE,50 REDFIELD ST,WORCESTER,MA,016081531,42.2625621,-71.8018877,27,0
971b1ee3-7ef0-3848-aedf-c77ffe61422a,f8918a95-31e8-3ac4-8d12-29ca6080ebda,Rudolf736 Vandervort697,M,GENERAL PRACTICE,199 REEDSDALE RD,MILTON,MA,021863926,42.251368299999996,-71.0768393856917,774,0
0ba4484e-c6ae-3c90-9de6-5ddd8d8ca8bb,9cec3b3c-fe3f-344e-b9c3-e414dafcd19f,Otis335 Dickens475,M,GENERAL PRACTICE,120 MAIN ST,MALDEN,MA,021486904,42.41918695,-71.06618960434116,2,0
6dd060fc-7de8-3816-83e7-77e074bf3315,3ff0f58b-7a1f-3334-9449-ff15f68b7d86,Crystle668 McCullough561,F,GENERAL PRACTICE,275 SANDWICH ST,PLYMOUTH,MA,023607761,41.94186605,-70.6455366462985,289,0
446a7fab-6568-3db8-865e-4111d4ffc727,8ddbad9e-b5fc-3895-8a1c-17f32197a865,Barrie587 Nicolas769,F,GENERAL PRACTICE,1455 MAIN STREET,CHATHAM,MA,026332083,41.6827332,-69.98755685244114,8,0
b9bca67f-b646-3495-92de-7de4c7037787,75846b1f-d0ec-3255-9bdd-d09eb0a9dd0d,Paul232 Bartell116,M,GENERAL PRACTICE,575 BEECH ST,HOLYOKE,MA,010402296,42.20105435,-72.628169560868,20,0
04a44882-e152-3ee5-bd62-9765d09f3cd1,7e8bd0f2-2746-355e-92ef-9473818c58a2,Ivory697 Okuneva707,M,GENERAL PRACTICE,90 SUTTON STREET  SUITE 3-4,NORTH ANDOVER,MA,018451655,42.705281049999996,-71.13643624887442,14,0
27bdcf0f-2b53-3818-98aa-72200aa1da72,dd280187-8662-3732-af81-595d10572911,Mertie42 Lakin515,F,GENERAL PRACTICE,4499 ACUSHNET AVE,NEW BEDFORD,MA,027454707,41.74026055,-70.9450945705336,77,0
a4f59d08-b68c-3a10-ae68-d6c9c826d2b9,a6964d47-8af0-3df2-b99d-d8414eb1cfa3,Reggie481 Schiller186,M,GENERAL PRACTICE,200 MAY ST,SOUTH ATTLEBORO,MA,027035520,41.924394750000005,-71.36076410900014,168,0
d2151ae3-804d-3283-990a-fbe44aecb1e8,004554b4-3068-3938-832d-fa7cbe1cd1fb,Caridad510 Rosales49,F,GENERAL PRACTICE,25 STONEHAVEN DRIVE,WEYMOUTH,MA,021903951,42.1589443,-70.94970431672323,9,0
a13fee14-a47b-32e5-b852-fd3f48c4550d,dae3ee01-f383-366e-9ad6-dc92963064ea,Orville751 Will178,M,GENERAL PRACTICE,1233 MAIN ST,HOLYOKE,MA,010405381,42.16578055,-72.63389634691956,6,0
1205d038-84aa-347f-93c1-95d100f62ded,dac75bc1-cbfa-306b-9a0a-88d5edf3638d,Addie421 Ebert178,F,GENERAL PRACTICE,170 COREY ROAD,BRIGHTON,MA,021358244,42.3433093,-71.14003855124017,4,0
9afab2bf-de3b-33b9-ba5a-0e8b80e87e99,63b4f233-fb49-3b1e-a17c-2d572367b131,Jerry654 Baumbach677,M,GENERAL PRACTICE,2222 CENTRE STREET,WEST ROXBURY,MA,021324034,42.27370345,-71.15856364656862,1,0
633485c7-9d54-37f2-9677-a350ea4a4962,9d989fcf-4ad9-3972-ada3-f275d967781e,Cristi782 Miller503,F,GENERAL PRACTICE,100 TER HEUN DR,SANDWICH,MA,025632377,41.7579043,-70.4968152,433,0
08947b52-427d-3225-9581-f7189a55796c,b69bccdc-5ad3-3ded-a018-3cd8f369c9d2,Wendell199 Ziemann98,M,GENERAL PRACTICE,120 S MAIN STREET,CENTERVILLE,MA,026323246,41.649898300000004,-70.34309844876677,1,0
80978a8a-8a66-3a4f-b935-490152d815a6,d27d82d9-29ca-3b12-aa19-97c3de45247f,Franklin857 Kohler843,M,GENERAL PRACTICE,3 LYMAN ST,WESTBOROUGH,MA,015811442,42.2807083393633,-71.60631230525046,1,0
480cf38b-5f2b-349c-9025-776e2517604b,a2cc09de-c1e2-3126-8c09-d49f95225281,Darnell564 Leannon79,M,GENERAL PRACTICE,300 LONGWOOD AVE,WALTHAM,MA,024532741,42.3756401,-71.2358004,130,0
37e700f1-bfe3-3fd3-88fd-5124a79711d8,9f2f60a6-87a4-3f45-b753-b63b5b7e9993,Raul814 Considine820,M,GENERAL PRACTICE,332 HANOVER STREET,BOSTON,MA,021131901,42.3647421,-71.0536619,46,0
d88072f5-47d4-3279-9ec7-0364917deb54,44cb1162-a345-3477-8723-c202a3c8cdcd,Jamey282 Graham902,M,GENERAL PRACTICE,73 W MAIN ST,HOPKINTON,MA,017481619,42.21799145,-71.54005509979045,45,0
2f12a81c-e73c-3999-8f42-4fca8a0a17c4,ab16be57-62ea-39a5-8f7a-ee1285cf6934,Ciara810 Gibson10,F,GENERAL PRACTICE,115 MILL ST,PETERSHAM,MA,013669503,42.4865962,-72.1893057,5,0
aa26e935-ae17-3923-8bb4-aff734bb216a,f312977e-8f41-3816-84cc-e5b12ba36955,Eldora89 Langosh790,F,GENERAL PRACTICE,1153 CENTRE ST,JAMAICA PLAIN,MA,021303446,42.3017598,-71.12855793387442,111,0
dd43b336-cd11-3ca8-888f-b6525a279b56,0519b293-2e92-3eb3-aeef-233da0babc93,Joslyn677 Friesen796,F,GENERAL PRACTICE,40 PARKHURST ROAD,CHELMSFORD,MA,018241511,42.6198215,-71.36189212971482,4,0
67784b01-4f8d-32b5-af19-60c7247363e9,c5403c4f-14d5-3171-9227-a9b8327f3149,Tyler508 Ferry570,M,GENERAL PRACTICE,52 OLNEY RD,CHICOPEE,MA,010202103,42.1487691,-72.6071119,20,0
e3a9a8a0-4de9-36ab-8c5a-84e4cdf852b6,a730c5e6-a15f-3e36-8112-8579e507d330,Althea11 Ankunding277,F,GENERAL PRACTICE,28 LORD RD,MARLBOROUGH,MA,017524549,42.34718040987546,-71.57283065352654,28,0
9a9a85ca-5d2b-3b98-90fd-965590b2eff9,389323ef-b127-3a06-a22d-e24aef033e5d,Dina200 Streich926,F,GENERAL PRACTICE,200 PROVIDENCE HWY,DEDHAM,MA,020261881,42.22214545274341,-71.18159060546684,56,0
b2c9c6d9-64bc-3c8a-b093-618ac254d10c,82248deb-13cc-31b2-8764-0233e159a93a,Lan153 Kemmer137,F,GENERAL PRACTICE,19 DEPOT STREET,ADAMS,MA,012201856,42.623644600000006,-73.11852130252683,27,0
2aea373d-a6dc-3ddf-9d17-ba9139a74995,e69e7cbb-8362-30d1-83f2-3a0c492fe2b1,Isaac321 Kub800,M,GENERAL PRACTICE,110 LONG POND RD,PLYMOUTH,MA,023602642,41.9255829,-70.65514326847389,38,0
1afe02a5-5005-3347-9820-969f60f5cbc3,afc661fd-71d9-3fc3-adf2-3fc3b5e8a140,Hyman89 Schmeler639,M,GENERAL PRACTICE,680 CENTRE ST,RAYNHAM,MA,02767,41.9487118,-71.0731008,110,0
fee6eccb-005b-33e3-b4b1-83b883883563,be9a14c1-72a6-3186-b199-fdb070768458,Lisabeth458 Roob72,F,GENERAL PRACTICE,18 FRANCES ST,WOBURN,MA,018013006,42.488288600000004,-71.15015700746171,1,0
89db865f-490e-3967-ad07-3f7dba5c9d5c,06cc2462-430f-3322-9c87-7e971125f510,Kai187 Mann644,F,GENERAL PRACTICE,133 OLD ROAD TO 9 ACRE COR,WESTFORD,MA,018863198,42.5792583,-71.4378411,1271,0
dac9c8a6-dc81-39b8-9549-30e820d8080c,ee7fab6f-6438-394f-b1f2-3e452f8f055a,Felipe97 Calderón210,M,GENERAL PRACTICE,75 BRIMBAL AVENUE,BEVERLY,MA,019156009,42.570099299999995,-70.87108224250409,5,0
d545f7b2-2b94-350b-811f-a1d11583f8c3,79508e39-d0b0-3613-9d54-168f6e1c3a18,Antonette454 Tromp100,F,GENERAL PRACTICE,200 GROTON ROAD,GROTON,MA,014502056,42.577352149999996,-71.57414587343038,34,0
4a48d565-40b9-3973-9abd-1b84f9da0ccd,880fad59-9c38-3a21-a39f-ccc801502ab3,Maurice742 Pollich983,M,GENERAL PRACTICE,799 CONCORD AVENUE,CAMBRIDGE,MA,021381048,42.390849395521705,-71.1556550001627,12,0
a2541255-5f7b-353f-a396-04a9307d5bdc,352f2e3b-0708-3eb4-9f7e-e73a685bf379,Araceli695 Willms744,F,GENERAL PRACTICE,157 UNION ST,SOUTHBOROUGH,MA,017721215,42.3056501,-71.5245087,34,0
b7edbcbb-5522-34e0-bf40-d5772750a9ad,34f7bdc0-0550-333e-a53f-5e2af5a6d4ec,Augustine565 Kreiger457,M,GENERAL PRACTICE,212 S MEADOW RD UNIT 5C,PLYMOUTH,MA,023605450,41.9426657,-70.7618592,57,0
ee8f386b-6678-3b88-a764-dd94f01d89ea,e34d8448-8b98-3f91-9fe7-faeb8a78e1db,Jill895 Monahan736,F,GENERAL PRACTICE,NEW ENGLAND SINAI HOSPITAL,MILTON,MA,021862377,42.2501425,-71.065573,68,0
58eb5b97-b693-3e94-8e2f-54001fb9c0db,2164ee72-e9d8-312a-8bf4-a4abc55771b7,Alva958 Ritchie586,M,GENERAL PRACTICE,84 CHAPIN ST,SOUTHBRIDGE,MA,015502408,42.073771750000006,-72.03709326666669,1,0
8d936fd8-9de9-3b5c-8c05-c0f2d7ef3855,a2d45ee8-b930-3169-b612-f602961ad212,Florance664 Leannon79,F,GENERAL PRACTICE,37 MINUTEMAN WAY,SHREWSBURY,MA,015452229,42.288207,-71.73443816915585,102,0
b24b03b3-48b6-3342-94ef-9e250f4d4efa,4887dc20-9ef6-3cc2-9c56-858388049a50,Kimberlie352 Kertzmann286,F,GENERAL PRACTICE,168 WEST CENTRAL STREET,NATICK,MA,017604122,42.282113100000004,-71.37898579435048,17,0
3b336466-8a40-384d-abe6-f9b3a39aeccd,a5a8c64c-b741-3c19-8855-495829f04524,Barton704 Monahan736,M,GENERAL PRACTICE,75 ADAMS ST,MILTON,MA,021863441,42.2694583,-71.06779265,13,0
74000b11-e73f-3433-be27-14214e4d5bf1,10ffe7b1-2f94-3f12-9288-679da05a1ec9,Odessa199 Hintz995,F,GENERAL PRACTICE,133 LITTLETON RD,WESTFORD,MA,01886,42.57056335,-71.41736646422413,57,0
61413ec1-616d-36aa-9a70-7fcc45e2abe3,fa34d205-5ac2-3ba2-80a4-bef345dc57f5,Lamar193 Daniel959,M,GENERAL PRACTICE,37 BROADWAY,ARLINGTON,MA,024745552,42.408086,-71.135914,1,0
2a8bf010-a660-36e3-93a2-899a3e4b5081,a73a3693-57ac-367e-b29e-f0f834cbaf66,Silvia880 Duarte203,F,GENERAL PRACTICE,10 CORDAGE PARK CIR,PLYMOUTH,MA,023607318,41.9788991,-70.6879608,56,0
4cb8f065-2ca3-3289-8cd0-03a07b7b1918,e6d63525-40f0-3391-a58a-e6a03598911f,Dorotha379 Kassulke119,F,GENERAL PRACTICE,400 STANLEY ST,FALL RIVER,MA,027206009,41.7148511,-71.13527009152534,29,0
e0ecb7e1-7a19-39b7-92c9-d1abd17dfe64,d0894f6b-78d7-338d-82ad-b63de4d40014,Lynsey2 Lemke654,F,GENERAL PRACTICE,330 MOUNT AUBURN STREET,WALTHAM,MA,02452,42.3756401,-71.2358004,74,0
a98b1228-8ab5-3f9c-96df-e1aa81fea7ae,3d5fbf38-c781-3e04-8c7e-5a402611b7d4,Enriqueta274 Barton704,F,GENERAL PRACTICE,260 ELM ST,SOMERVILLE,MA,021442951,42.3955992,-71.1227391,114,0
a5426d18-2f70-3157-969b-b8bc659b267f,f43f97f2-af04-3ed0-a42e-3681718cc9b2,Jacques50 Quigley282,M,GENERAL PRACTICE,725 NORTH ST,PITTSFIELD,MA,012014109,42.4600752,-73.2492795834909,14,0
88664956-3e76-35e0-9995-d0520018a7ee,fd5342f0-10c0-3f48-9c7e-7100a64db139,September423 Abshire638,F,GENERAL PRACTICE,30 PRINCETON BOULEVARD,LOWELL,MA,018512405,42.6353691,-71.3322833,13,0
38d8db47-054a-3e49-803a-387ffe2cefe7,03c5769d-b185-35ee-b563-9e651cff95bc,Delbert384 Rohan584,M,GENERAL PRACTICE,807 WILBRAHAM RD,SPRINGFIELD,MA,011092067,42.1108434,-72.5341133,1,0
bd878fa8-fb9f-3cdf-b276-0e175fda8c69,9ed61c49-1d0c-3774-b528-d75b50938fe2,Wilmer32 Stoltenberg489,M,GENERAL PRACTICE,110 West Squantum Street,Quincy,MA,02169,42.272617,-71.03133,163,0
41b0703a-a41a-3dfa-b4c7-5d82f37625e1,7ac466c6-7968-33fd-882c-6d5418f88c8a,Valeri645 Hayes766,F,GENERAL PRACTICE,2 MEETING HOUSE RD,CHELMSFORD,MA,018242700,42.60140085,-71.35097894451894,75,0
7781ddd0-6143-3842-8136-ad3c3bd7c2fc,52efa2e5-007f-3396-a83a-28ca015f0595,Walton167 Turner526,M,GENERAL PRACTICE,20 N PARK AVE STE 2200A,PLYMOUTH,MA,023604090,41.960434631488596,-70.67007876763536,26,0
e487fe82-5661-3e4f-b0c3-6fb3707f1017,fd938c9f-a355-3ec7-96f8-516240ea1ba2,Conchita9 Serrano248,F,GENERAL PRACTICE,529 MAIN ST STE 126,PLYMOUTH,MA,023604842,41.7664657,-70.7266525,1,0
7dfecd93-af3e-3abe-b719-fae0cc0e1e2b,b5789b71-fc8e-3b7e-9eb2-3fc577943117,Elvia127 Miller503,F,GENERAL PRACTICE,81 RESERVOIR DRIVE,ATHOL,MA,013314901,42.581152349999996,-72.18775715069674,18,0
0182e2c4-4c4a-31c5-829c-96f1c44dd16b,94ac48ba-e215-3ab9-ba88-a0b926d29cef,Barton704 Hahn503,M,GENERAL PRACTICE,300 WINTHROP STREET,MEDFORD,MA,021552311,42.421527,-71.11834,4,0
eecb652d-cc34-38dd-9092-766ff5e075d5,0334ad53-5d57-384e-a411-63b075139c06,Stephen891 Stamm704,F,GENERAL PRACTICE,66 CENTRAL STREET,EAST BRIDGEWATER,MA,023331913,42.03160525,-70.9572577506426,7,0
84260f1c-4854-3e5f-a7ba-a1fc23427ad0,069b90f9-309b-35e4-b990-d1dbacb962cc,Leo278 Strosin214,F,GENERAL PRACTICE,36 LOWER WESTFIELD ROAD,HOLYOKE,MA,010402749,42.16975305,-72.63488031242107,1,0
a8b916ce-a790-37c4-9b1c-69ad1652e883,d087a353-12da-3785-b121-fb1291f8a721,Thad495 Baumbach677,M,GENERAL PRACTICE,17 CLARENCE ST,WORCESTER,MA,016052430,42.287673653061226,-71.80890779591836,83,0
a95ba834-742c-3382-be7a-f1ea3bf8a91e,2c2e6afc-9578-3ba5-bb12-eed97d3a823b,Ernie189 Schroeder447,M,GENERAL PRACTICE,405 RIVER ST,MATTAPAN,MA,021262210,42.2699017,-71.09061872585616,4,0
0486dd59-c3c5-3486-9445-ae3a52fc48ff,a2047ff6-62f2-34d7-beb9-7e164d989c75,Frederic454 Larkin917,M,GENERAL PRACTICE,1200 CENTRE STREET,ROSLINDALE,MA,021311011,42.29768,-71.130463,7,0
54948d87-cc84-3457-82d9-c02e296be5d4,936ceb96-2b12-371f-aa68-ee02a9c06f4c,Eddie505 Keeling57,F,GENERAL PRACTICE,225 BOSTON ST,LYNN,MA,019043124,42.470497449999996,-70.96003668151566,44,0
5e74dad1-d7b4-3224-911b-d8bfa17ba3ba,dfcd78f1-f67e-321d-84e3-f658c482c474,Elmo857 Wisoky380,M,GENERAL PRACTICE,64 WOODLANDS WAY,BREWSTER,MA,026312550,41.737807,-70.0036669,46,0
fec92d09-d95b-39ad-821b-8fc599917302,0a8a4b11-d0b8-3cd2-92cd-983de5189cfa,Del587 Nicolas769,M,GENERAL PRACTICE,111 BIRCH STREET,LYNN,MA,019021574,42.47859105,-70.93458444045801,5,0
8df101be-e460-3905-abae-b9e994cca460,7b7ce654-a413-37d1-9d34-97240c0ac580,Liberty95 Kihn564,F,GENERAL PRACTICE,1 WRENTHAM ST,BELLINGHAM,MA,020192532,42.025037350000005,-71.48945118224057,5,0
2566609c-5142-3c37-9a90-8cc7839e1e1f,95b01a7c-e16a-37d4-b354-c404baa00203,Saturnina961 Gibson10,F,GENERAL PRACTICE,290 SOUTH STREET,PITTSFIELD,MA,012016824,42.440485002637104,-73.25677853480586,12,0
e2faed6a-bfff-338c-9b01-453986c30b61,7b20d1c4-c56b-3647-801c-5e4e13679073,Mozell819 Prohaska837,F,GENERAL PRACTICE,275 SANDWICH ST,PLYMOUTH,MA,023602183,41.94186605,-70.6455366462985,901,0
c9c7fe7a-946d-3a66-9642-ac6106db0b4d,281525ef-5743-34a8-9339-66c8b4be6668,Concepción765 Quintana711,F,GENERAL PRACTICE,555 PLANTATION STREET,WORCESTER,MA,016052376,42.2907683,-71.7649752,13,0
e2c1780b-ba9e-30af-8942-8db953a37211,3e97ce4f-3ad7-3cea-883f-e2bb4ca89d83,Dan465 Swift555,F,GENERAL PRACTICE,30 NEW CROSSING RD,READING,MA,018673270,42.51809619399502,-71.0959083715027,24,0
ecaabbca-7eaa-375a-a104-3a5cbae6ed93,378ae9b0-be62-3654-804c-b16fc6d415d3,Abram53 Tillman293,M,GENERAL PRACTICE,55 MISSION RD,NORTH CHELMSFORD,MA,018631103,42.6389798,-71.3828403,11,0
74adc94a-e240-350e-ba6e-bae1946a3db7,c60fc3df-9dbd-3f31-a456-41c84490266f,Lavonna163 Johnson679,F,GENERAL PRACTICE,146 MAC ARTHUR BOULEVARD,BOURNE,MA,025323902,41.7412166,-70.5989196,33,0
76eb03e1-3554-35b7-a0dc-eb4f29677da8,c0132cf6-1703-3aad-89b4-cc2f2bbc123e,Lovie151 Schoen8,F,GENERAL PRACTICE,66 NEWTON STREET,WALTHAM,MA,024536058,42.3746705,-71.22789736306842,9,0
1244c0cd-3d1f-3819-972d-60ae9e053c23,d5920b72-ac1a-3ec4-81ca-e3b75cb7aadd,Donovan745 Daugherty69,M,GENERAL PRACTICE,251 Causeway St.,Boston,MA,02114,42.3665,-71.05931,107,0
a58d86cc-de7b-322e-8fad-ea8497fefded,4f59f709-8b84-3d27-a04b-c6b7b5544413,Natividad796 Davis923,F,GENERAL PRACTICE,70 BOLTWOOD WALK,AMHERST,MA,010022271,42.3768779,-72.51840280783739,41,0
a748f6af-0a32-3ddd-b0f7-69bdfacdb88b,36d328a2-68bb-3967-a9bf-00897a7c945f,Jettie913 Rodriguez71,F,GENERAL PRACTICE,299 WAREHAM STREET,MIDDLEBORO,MA,023462905,41.869676,-70.873384,4,0
a481d6a2-80cc-3155-a8f9-e8f2b04e4dc0,5225cc87-6a30-303c-a882-5f001cee7f0e,Denis399 Boyer713,M,GENERAL PRACTICE,110 W SQUANTUM ST,QUINCY,MA,021712122,42.27259075,-71.03082765,28,0
c65572fe-b0a1-3c5c-803c-c6e2d33d9071,a9f0c80c-2cc2-31ea-9ead-d13d373a6fe4,Carman694 Hartmann983,F,GENERAL PRACTICE,140 PRESCOTT ST,NORTH ANDOVER,MA,018451826,42.7052468,-71.11780689673651,1,0
d8a4a89a-7896-3a21-b396-a8f3e9b54213,a079d416-e8fe-3286-8ef3-6d289d7b5ad9,Winfred745 Collins926,M,GENERAL PRACTICE,233 Stevens St,Hyannis,MA,02601,41.651745,-70.294235,762,0
4e151b41-ed3b-3ca3-897b-3f7b8e653c71,0f2c58ec-5323-3c0f-9bdf-af0df7eb2a2b,Owen89 Boehm581,M,GENERAL PRACTICE,130 DORCHESTER STREET,SOUTH BOSTON,MA,021272642,42.3334312,-71.0494949,8,0
1a31171e-fc9e-3250-bc86-16ae4569954c,680532c8-2661-3b39-875a-b6ec0746ccf5,Buford910 Dach178,M,GENERAL PRACTICE,30 ATHOL ST,ALLSTON,MA,021341124,42.36075595,-71.13397379082869,107,0
9fd94c41-5221-3b15-9ebf-29c2a0426e1c,cc400ddc-c38d-3604-8d89-cea21555719f,Fritz267 Kirlin939,M,GENERAL PRACTICE,87 CHESTNUT ST,NATICK,MA,017603644,42.293559188306446,-71.35158050924959,23,0
11070a03-7b9f-3855-b716-72dc84c25314,cdc87240-38e9-36f8-959b-706642e01e11,Vicente970 Armstrong51,M,GENERAL PRACTICE,243 CHARLES ST,STONEHAM,MA,021803559,42.4814675,-71.0924311,90,0
323ec4c0-a90b-36a4-82a3-c846f33ef2f6,b5b380d2-df21-3389-abf0-08551c7e1f2d,Madeline975 Friesen796,F,GENERAL PRACTICE,85 PATTON RD,DEVENS,MA,014344401,42.5304204,-71.61505519305638,30,0
476b7bee-c9c9-3b11-92f5-d745407975d4,31e00f85-6909-3d9f-afc6-5ae507ab0c06,Blanca837 Vanegas191,F,GENERAL PRACTICE,382 GROVE STREET,BRAINTREE,MA,021847324,42.189369400000004,-70.98451984814267,32,0
4969dbf4-0913-3c1b-8428-62ee69bc73ff,b3312a2d-37e9-35a8-b50d-6c165c437baa,Eliseo499 Reinger292,M,GENERAL PRACTICE,45 DIMOCK ST,ROXBURY,MA,021191029,42.32030665,-71.09721114916246,85,0
59ca0161-38e7-3c43-a16e-e591bba1736d,2836d9ac-c6a6-39d1-8f13-fdf0fc8928f4,Alysha630 Koch169,F,GENERAL PRACTICE,365 EAST ST,TEWKSBURY,MA,018761950,42.6069472,-71.2180803,35,0
0278f6ee-b66b-3d58-b2f7-67829ba99421,82c72223-f521-3a34-9b9b-4ff366365399,Margaret865 Reinger292,F,GENERAL PRACTICE,2100 DORCHESTER AVENUE,QUINCY,MA,021691870,42.2509914,-71.0037374,19,0
fb1b1142-2ff3-3b93-bca4-49cc8fa00eb2,7c625dc4-2593-31eb-95fd-6a912832b8bb,Ronny764 Braun514,M,GENERAL PRACTICE,980 WASHINGTON STREET  SUITE 124,DEDHAM,MA,020266704,42.228918,-71.18501264023513,23,0
55dd7d36-cf8a-39b6-8795-97fbb889672e,719db77c-034f-3079-9b12-0d2ec2efeef9,Staci390 Murray856,F,GENERAL PRACTICE,1601 WASHINGTON ST,BOSTON,MA,021182006,42.3381394,-71.0748562,53,0
fb0adcdb-1597-31d8-a07d-93ef8a2cf38a,04b252db-4231-3cb5-963d-6f096fb4b97c,Alejandra902 Menéndez746,F,GENERAL PRACTICE,1177 PROVIDENCE HIGHWAY,NORWOOD,MA,020625019,42.194543,-71.1994976,34,0
d99a089b-5a85-3d87-9dbd-195001cf717a,a94f4f6e-88ad-39ff-a935-dc87f13327b1,Fae378 Wiza601,F,GENERAL PRACTICE,370 WEST STREET,LEOMINSTER,MA,014532073,42.535877150000005,-71.77537115047085,4,0
d1430683-d7c3-3622-9fb5-a443bb9e43c2,94f6a3ae-7d8d-3cbc-a788-e400732da7e5,Ammie189 Kuvalis369,F,GENERAL PRACTICE,450 WEST RIVER ST,ORANGE,MA,013649603,42.5928702,-72.32953998953418,2,0
e2e3e436-55e6-3b12-baf3-de9e22627a6c,e2eab39c-5195-34aa-b35f-e89e37cfed01,Miguel815 Roberts511,M,GENERAL PRACTICE,55 FOGG ROAD,WEYMOUTH,MA,021893141,42.175539799999996,-70.9539153674405,124,0
bca7f48f-8b42-3237-9d90-e17a9a30b855,b411fd60-9bd5-30f1-99b4-c24a409964a1,Hilario934 Schumm995,M,GENERAL PRACTICE,42 ASBURY ST,SOUTH HAMILTON,MA,019821808,42.61322825,-70.87300675048934,41,0
663d0b0c-443f-3d20-939f-d59801d2ce6b,1de7e7d9-9a7a-3a3f-bf4c-b4de450711f2,Vince741 Morissette863,M,GENERAL PRACTICE,198 LITTLETON RD,WESTFORD,MA,018863429,42.564282,-71.42620615382347,2,0
99442043-7ce3-3cdb-a1c5-a8ceab9a2799,4705a8fd-19cd-32c1-8b3e-34bcfe84d0bd,Wynell591 Mayert710,F,GENERAL PRACTICE,55 N WASHINGTON ST,NORTH ATTLEBORO,MA,027601607,41.983529,-71.332241,45,0
cda188fc-7830-3bd8-91e9-9fe82747ed7c,f5ccbb53-e4a0-32e5-a693-02150497a8f4,Astrid395 Huels583,F,GENERAL PRACTICE,100 HIGHLAND ST,MILTON,MA,021863881,42.250705749999995,-71.07724199194602,82,0
a650edae-dc04-3bc2-97f3-efcbfce484d8,497f39dd-280e-3d58-af5b-c5e3a3a09b10,Randy380 Bergstrom287,F,GENERAL PRACTICE,27 PARK ST,HYANNIS,MA,026015230,41.65363635,-70.27352219234834,421,0
b39ca2fc-e746-3931-aeac-36a61d058ee6,b0762027-dc86-335b-8310-f4f031c1caca,Buena501 Swift555,F,GENERAL PRACTICE,765 WEST CENTER STREET,WEST BRIDGEWATER,MA,023791517,42.01302315,-71.05345585281756,6,0
8b04164a-b698-3722-bab1-c248b8a6bd21,0d7fd824-1c7b-3f8b-a662-f6c2005e82e1,Arminda86 Trantow673,F,GENERAL PRACTICE,88 MASONIC HOME ROAD,CHARLTON,MA,015071394,42.1389039,-71.9782681,1,0
dafa204f-31d1-303c-bebb-76e9c969175d,accb8cdd-6560-3fef-b0a6-f12c3295026a,Gerardo48 Bergstrom287,M,GENERAL PRACTICE,969 PARK STREET,ATTLEBORO,MA,027035115,41.9266899,-71.2611303145582,7,0
2da78b36-f5b4-3ebe-8f5a-b60357e30cf3,792f1ce2-3420-3f91-bd8c-ce680ef4c5d2,Ervin886 Leannon79,M,GENERAL PRACTICE,309 DRIFTWAY,SCITUATE,MA,020661905,42.1766448,-70.74318482072749,1,0
d6fbb0a2-d0c0-3ca1-bbdb-5fca7a25e6e3,6618f4ef-656a-347f-b61e-ed4d6c21763a,Marc757 Greenholt190,M,GENERAL PRACTICE,231 SUTTON ST STE 1A,NORTH ANDOVER,MA,018451620,42.70554405,-71.12856345,39,0
28d5c078-ab4f-36ff-80a9-d6704f76352a,7445ae34-b648-3d3a-b8cf-0eb630061b6e,Óscar156 Huerta329,M,GENERAL PRACTICE,34 CEDAR ST STE 4,WEST ROXBURY,MA,021324338,42.2792649,-71.1494972,3,0
468d918b-e241-302c-aa17-d5304059bb1b,a2df2aea-9c53-31f4-baea-02ea5ea1e553,Leon728 Lehner980,M,GENERAL PRACTICE,95 LAUREL STREET,GREENFIELD,MA,013013106,42.58163075,-72.61795013515538,2,0
c3ed2ff5-603c-3141-94ac-28d0a43e00d5,1ab2b5f9-cb95-3236-beec-9b9d4a407c61,Latoria810 Eichmann909,F,GENERAL PRACTICE,725 NORTH ST,PITTSFIELD,MA,012014109,42.4600752,-73.2492795834909,196,0
8bdd7584-186c-3c8e-b1f0-528c137dd241,41e2a44c-477c-3511-96f9-12c476aa3b6a,Latoyia537 Lindgren255,F,GENERAL PRACTICE,85 E NEWTON ST,BOSTON,MA,021183553,42.336277100000004,-71.07085295687423,154,0
77b9f770-1b53-39e3-82ad-ec0d2d028f66,f00601d0-d49e-30ed-bc3e-314379f2103e,Mitsue965 White193,F,GENERAL PRACTICE,490 MAIN ST,MELROSE,MA,021763841,42.4550741,-71.0654799,57,0
1542a892-95b6-3de6-9973-fe9d7e079508,9d41e4fc-9507-3ddb-82ad-966046fca031,Ashlyn643 Lehner980,F,GENERAL PRACTICE,104 RANDOLPH ROAD,WORCESTER,MA,016062465,42.29955605000001,-71.79838133819244,12,0
6afac641-b9bf-368e-ba5f-40a243ae6339,71a1e089-024e-3255-a536-9204586fa4fc,Allyson474 Doyle959,F,GENERAL PRACTICE,1 GORHAM IS,WEST YARMOUTH,MA,026733200,41.6501114,-70.2411312,1,0
a0928331-28f1-3f42-92d2-26e4275ad7c1,5b0cd0a0-f277-3a66-bee6-d64b5be4a3f5,Maryann106 Hintz995,F,GENERAL PRACTICE,725 NORTH ST,PITTSFIELD,MA,012015493,42.4600752,-73.2492795834909,96,0
24dda8cd-a5bc-3908-93cc-af2c342f4d0b,0a42bb03-b1a7-347d-82f3-4ba02080e55c,Dallas143 Friesen796,M,GENERAL PRACTICE,332 WASHINGTON STREET,WELLESLEY,MA,024816217,42.310362049999995,-71.27601802190625,9,0
2c3aaba7-d903-3c00-aa96-266d74c35143,69195f53-626c-3031-b4de-d0b206f75d8c,Ronni748 Wiegand701,F,GENERAL PRACTICE,174 FOREST HILLS ST,BOSTON,MA,021303353,42.306401050000005,-71.10237442688054,2,0
b958465c-477b-3ce2-aa61-5b011373ba04,b44955d1-f0e2-3beb-a013-708a81dbe430,Idella49 Runte676,F,GENERAL PRACTICE,680 CENTRE ST,WEST BRIDGEWATER,MA,023791600,42.0219112,-71.019004,11,0
ba2b1ea3-802f-38db-90a9-1288e14b27f6,ad2dab07-4f85-3950-baaa-7c7cd2aa770c,Gertrud593 Kuhic920,F,GENERAL PRACTICE,55 LAKE AVENUE NORTH,WORCESTER,MA,016550002,42.2774799,-71.76166994969458,103,0
939486d8-bd3d-33fe-9a46-1bb26ea031c5,67d2f85b-ddc7-3ed0-b90b-6fa5b7b8358a,Marshall526 Jenkins714,M,GENERAL PRACTICE,43 FOUNDRY AVE,WALTHAM,MA,024538313,42.37050535,-71.21908334877376,66,0
bc3426fc-6560-30be-a96c-0bf9babf8062,0d9b0d22-585e-3fd8-ab02-26b5be7915d1,Jean712 Koelpin146,F,GENERAL PRACTICE,516 CAREW ST,SPRINGFIELD,MA,011042330,42.12133575,-72.59217953646302,85,0
e8073a3e-a6cb-375b-812b-6a32d6e1a06d,93552c27-f173-385f-8849-ee56c25f638b,Song837 Cummerata161,F,GENERAL PRACTICE,359 HIGH ST,GREENFIELD,MA,013012617,42.6033006,-72.58135309677492,1,0
01f4286d-83c7-34e0-8e1a-d0bf6c4cdc0c,2ca615f3-87f7-3283-a447-d919a883b676,Isaias604 Dickinson688,M,GENERAL PRACTICE,1399 WASHINGTON ST,HANOVER,MA,023391653,42.1441354,-70.8440854,1,0
695be726-f165-3f4c-ad29-fd2424c13e39,c0a33465-d309-3d2a-932e-9d554a7cc19c,Nathanael908 Rogahn59,M,GENERAL PRACTICE,100 CENTURY DR,WORCESTER,MA,016061244,42.3138278,-71.7707002,421,0
59f1498d-ecb4-31c7-b0ff-d17dad2e25d6,0583e4f7-f1c2-3100-8e0c-d0decc7ef261,Dusti191 Howe413,F,GENERAL PRACTICE,123 WATERHOUSE ROAD,BOURNE,MA,025323890,41.72840155,-70.58506829999999,106,0
fb5a8545-edd7-311d-bf52-f962cfbc8303,7f32dd7d-5c35-3ddb-839b-8fbbb930d412,Tyron580 Littel644,M,GENERAL PRACTICE,863 CENTRAL STREET,FRAMINGHAM,MA,017014813,42.30758060362541,-71.42846215724606,35,0
9304c449-56d9-3603-afd3-f1cd05358ffb,51d38e67-9350-39b8-bbb3-91cc879ae415,Darrick836 Hoppe518,M,GENERAL PRACTICE,335 NICHOLS ROAD,FITCHBURG,MA,014201932,42.598254850000004,-71.80841914533654,2,0
ad3f2ed0-32d0-3841-b94f-dae6a3893274,80646050-1c76-3046-bbc8-fd5f0b7c34e6,Mayola305 Hauck852,F,GENERAL PRACTICE,140 ARNHOW FARM ROAD,FITCHBURG,MA,014201369,42.5903661,-71.8119837,30,0
351d40da-dd52-34d9-8727-674cfdfa7a3d,0a689d33-2b0d-3942-8de8-e28812e91c69,Noah480 Pagac496,M,GENERAL PRACTICE,47 SEAVERNS AVE # 5,BROOKLINE,MA,024463806,42.3317642,-71.1211635,30,0
3d988b98-5353-3f9f-9fe3-b8006e294102,cac6f8b3-eafd-31b3-9fa3-8015752ccc2c,Celine582 Pagac496,F,GENERAL PRACTICE,123 SUMMER ST,WORCESTER,MA,016081216,42.26496835,-71.79655403681465,7,0
7616b27d-9b86-33a3-a404-3cec6841da1d,e02d9c87-52cb-3f3c-9f97-fe95f260c437,Sheldon401 Hoeger474,M,GENERAL PRACTICE,321 MANLEY STREET,WEST BRIDGEWATER,MA,023791022,42.0338457,-71.05496436428572,3,0
2a9e9e65-da37-38da-86c3-58aa7571c2b7,9c9d017c-0a4d-3e03-9802-4d310ea05c71,Isiah14 Schaefer657,M,GENERAL PRACTICE,70 FULTON ST,BOSTON,MA,021091402,42.362439499999994,-71.05377386223965,4,0
53f901bf-7ea6-3ca3-b50a-7ae54ab2d441,8ec2ca51-abb4-35dd-b90f-6c6aad6d2124,Elisha578 Conn188,M,GENERAL PRACTICE,22 JOHNSON STREET,PEABODY,MA,019602311,42.54644385,-70.99288129112277,11,0
052ea1a8-954a-3436-87d8-5dbe81e89ffb,8af3b144-0e1a-3c90-937d-81a4ed026080,Latasha666 Fay398,F,GENERAL PRACTICE,800 WASHINGTON STREET,NORWOOD,MA,020623489,42.1886973,-71.2005241,106,0
095532da-fc05-3dfa-be32-a692c2c8a390,f1664435-2eca-3eff-bd1a-13701e7ad1bd,Elvin140 Marks830,M,GENERAL PRACTICE,300 PASTEUR DRIVE,NEWTON,MA,024592058,42.3370414,-71.2092214,239,0
789796cb-f7dc-3082-991c-81647afe8c4a,125eccb3-d003-34ea-9bd8-360dff059782,Rolande819 Gerlach374,F,GENERAL PRACTICE,125 PARKER HILL AVENUE,DEDHAM,MA,020266146,42.2489143,-71.1755732,163,0
1ad2e8f7-31c2-3831-8b28-9631781d7dee,c5742266-625d-3824-9ed3-4b5c6bc3e296,Erica194 Goyette777,F,GENERAL PRACTICE,22 BRAMHALL ST,SCITUATE,MA,020664312,42.1939754,-70.7697128,75,0
51e16520-f9cb-36ec-907a-0da3ee14bd01,b242f971-3c74-3778-b148-81366c1e6a3f,Leland44 Bernier607,M,GENERAL PRACTICE,10 CAREMATRIX DR,DEDHAM,MA,020266149,42.2270762,-71.17237295563174,167,0
97eaa378-7c0f-3c76-a34a-46065a3d139c,99a31e4a-04aa-334b-9e96-904f01483d93,Deloris888 Ward668,F,GENERAL PRACTICE,100 N BEACON ST,ALLSTON,MA,021341928,42.3536388,-71.1375978,1,0
6b8058a9-7df6-390a-987f-95fd65ff1cb2,e92dad8b-f485-315a-8fc4-1d7adfdc9c00,Laurena366 Anderson154,F,GENERAL PRACTICE,581 FAUNCE CORNER RD,DARTMOUTH,MA,027471242,41.676111381167445,-70.98788528176077,40,0
9274d519-8407-3331-bb30-a06b5a6565d5,aad05540-c9cb-3805-b3c4-f9b9d9b42b2e,Quentin28 Fritsch593,M,GENERAL PRACTICE,821 E MAIN ST STE 3,CHICOPEE,MA,010206306,42.155774795300516,-72.55672263289513,28,0
956985a2-09a2-3094-a16e-2dc271a1da36,1aa9084e-2b86-3d6e-93ab-dbe6d4dda601,Jani266 Schultz619,F,GENERAL PRACTICE,100 OLD BILLERICA RD,BEDFORD,MA,017301267,42.499905749999996,-71.25668964877971,2,0
1cf0ef0b-da31-3b26-ba9e-f97212564c75,ce3b504c-f15c-3bcf-ba6e-dcb551cc7d7f,Denisha680 Schmitt836,F,GENERAL PRACTICE,112 SOUTHAMPTON ST,BOSTON,MA,021182711,42.33240995,-71.06915010706255,35,0
89ac5bf2-9825-3f11-bee3-cf6d2b4b37f0,eea92149-820f-301f-911e-b170e8312842,Tracey100 Hamill307,M,GENERAL PRACTICE,123 SUMMER STREET,WORCESTER,MA,016102177,42.26496835,-71.79655403681465,26,0
568067b9-5ae6-3be0-a258-8ec5e0f3e622,19a3afba-b409-3650-a0ab-f3faf6e391ef,Patrina117 Strosin214,F,GENERAL PRACTICE,199 REEDSDALE RD,WALTHAM,MA,024511433,42.3756401,-71.2358004,74,0
18286dc4-ba52-3086-9562-0e46294cc0cf,0e9d0119-1157-35a0-8bb5-7e0aa3041928,Gino587 Trantow673,M,GENERAL PRACTICE,1049 MAIN STREET,SPRINGFIELD,MA,011032114,42.09977055,-72.58470990760483,31,0
a961a673-5b59-3416-b315-07eb8fde403b,76b7dbb5-0a02-32a4-9a01-3511f7e45016,Jerrold404 Satterfield305,M,GENERAL PRACTICE,59 COUNTRY WAY,SCITUATE,MA,020663746,42.1806871,-70.74862935148246,19,0
ec52b9b5-231f-3aa3-b484-d178dd43c091,562176c7-c337-3bd1-b8f4-89853772589b,Lenny728 Schuppe920,M,GENERAL PRACTICE,877 SOUTH ST,PITTSFIELD,MA,012018243,42.417399950000004,-73.25836946569122,1,0
1dcc2363-b756-3907-a265-5517de0c525a,d9b71ccf-6649-3555-9e99-44eac0af257f,Darlene91 Collier206,F,GENERAL PRACTICE,655 DEDHAM ST,WRENTHAM,MA,020931135,42.084901,-71.30689224201797,4,0
5be0e1b9-2140-316a-82f1-d3f2357b42e5,2f5c26cd-be8d-351a-97af-23fbcaba0967,Dorethea38 Casper496,F,GENERAL PRACTICE,36 CORDAGE PARK CIR,PLYMOUTH,MA,023607320,41.978323,-70.689036,1,0
0ba5f14d-ddaf-3d0d-8a96-159af168bc5a,e68de1a0-767e-3466-b9a6-43948ee073d3,Simone657 Ratke343,F,GENERAL PRACTICE,160 WELLS AVENUE,NEWTON,MA,024593302,42.29337605,-71.19806353028767,56,0
79acf74c-11b5-3ff1-914a-593bf25e5b57,d6c165ec-d9ca-35a5-9bc8-2061cbfb83a2,Linn541 Lynch190,F,GENERAL PRACTICE,10 ADAMS ST,NORTH CHELMSFORD,MA,018631780,42.6389249,-71.3840196,68,0
99f535cc-b03e-3b23-b74d-640bdff69c60,a5577e5c-b886-37a0-8eee-8ff6feb7ea6b,Leopoldo762 Keebler762,M,GENERAL PRACTICE,330 MOUNT AUBURN ST,CAMBRIDGE,MA,021385502,42.3741033,-71.13417575971958,290,0
9d5dc045-ca64-39b7-bb98-a0a95f555087,6ea4d3d6-d820-387a-a3d1-ed5944ad47a2,Fabian647 Larkin917,M,GENERAL PRACTICE,232 PLEASANT ST,METHUEN,MA,018447152,42.7397562,-71.17113575205717,60,0
eab37af0-f234-3c3a-9765-274b4f18dc6d,e7722de2-0e62-3dc9-a163-a7003956673b,Elena945 Ceballos171,F,GENERAL PRACTICE,1 EDGEWATER DRIVE  SUITE 103,NORWOOD,MA,020624669,42.16153305,-71.20162617190071,13,0
6d2b8d75-383d-3b4f-9140-f469c2236db1,f2f525c9-8e06-3009-b720-ccf449bce7a5,Larhonda769 Fisher429,F,GENERAL PRACTICE,320 PITTSFIELD RD,LENOX,MA,012402377,42.3939874,-73.2706999222404,2,0
011d5f43-19b9-3494-8f2b-04532f022943,62b55e5b-b58f-354d-8f2d-f2a330bc619e,Brandon214 Gerlach374,M,GENERAL PRACTICE,201 HIGHLAND ST,CLINTON,MA,015101037,42.42738865,-71.69329092351188,152,0
354197e9-4960-35e1-8216-9df756c65fd5,966245ce-e84d-36b0-a838-2e0b5bb2e668,Refugio197 Crooks415,M,GENERAL PRACTICE,1425 BLUE HILL AVENUE,MATTAPAN,MA,021262122,42.2754929,-71.09384131587021,12,0
70530002-8160-398b-98f0-0b98b01f6c34,b7866c75-5e56-36b0-b9c5-c63051677b69,Elias404 Skiles927,M,GENERAL PRACTICE,45 RESNIK RD,SANDWICH,MA,02563,41.7579043,-70.4968152,16,0
bd659d5e-0a7f-3206-a21f-b1dcde518d6b,845fbd9b-2d1c-39a8-8261-28ae40e4fab2,Sam879 Rippin620,F,GENERAL PRACTICE,14 PROSPECT STREET,UPTON,MA,015681431,42.1700209025178,-71.59409308099494,163,0
2d6c38d4-83f7-34f4-a109-fb05d8afdaa8,bac9dc0c-cb0f-3fa6-aa12-819dd0fb922a,Nicholas495 Greenfelder433,M,GENERAL PRACTICE,1493 CAMBRIDGE ST,SOMERVILLE,MA,021452935,42.3875968,-71.0994968,176,0
89f12c85-71af-35e0-b331-d96770a4be29,9ce6072b-d039-3cde-8eaf-950211b8ae88,Terrie907 Ratke343,F,GENERAL PRACTICE,147 S MAIN ST,MIDDLETON,MA,019492446,42.585787222720036,-71.00861442427218,7,0
a6ef55e0-2375-359c-aa16-7facaea45526,af8566eb-8918-3ec7-ba44-92b6a2cf8097,Trevor374 Walker122,M,GENERAL PRACTICE,81 HIGHLAND AVE,SALEM,MA,019702714,42.5112107,-70.90516241826194,106,0
c7237a92-fd04-3aae-9eb5-d4a44ec6d952,d4a03501-69f6-3a89-ac27-ed25976fdb6f,Clarence5 Hyatt152,M,GENERAL PRACTICE,25 WOODLAND ROAD,STONEHAM,MA,021801705,42.450448800000004,-71.09076944938434,24,0
d697a9c2-34e9-3092-afd0-9b67bb26366e,eb2596c3-8814-3add-8516-474214bf5c62,Ollie731 Lemke654,M,GENERAL PRACTICE,250 W UNION ST,ASHLAND,MA,017211420,42.24214015,-71.48110671819278,1,0
58987096-fd41-3579-b5b0-54c43d316784,42c13743-f36f-370a-a5ca-3e3c9795e02d,Wade235 Toy286,M,GENERAL PRACTICE,17 CHIPMAN WAY,KINGSTON,MA,023641039,42.0115267956362,-70.78988939618995,2,0
45a2a41c-66e4-3851-b870-fa0fdf62818b,a036cdf2-bbc5-3ffd-987f-56e437fd8b74,Lashanda692 Gutmann970,F,GENERAL PRACTICE,265 N MAIN ST,SOUTH YARMOUTH,MA,026642083,41.680980000000005,-70.18292625685085,13,0
66954d04-a697-3522-91ae-b069d2806a71,4f5e8f16-a31b-3071-8556-d7188ede313d,Barrett790 Wolf938,M,GENERAL PRACTICE,575 BEECH ST,HOLYOKE,MA,010402223,42.20105435,-72.628169560868,16,0
f22116db-49e2-384e-b7bf-237aaba72099,69cb2157-b620-3c51-9c94-f516462d2d55,Anh979 Schroeder447,F,GENERAL PRACTICE,11 WATER ST,ARLINGTON,MA,02476,42.41642055,-71.15424293038585,37,0
4695c44a-72c2-3bd8-9757-4d1b0e3faf30,615416de-5217-3c11-9828-2d4bacd1d9cb,Keli839 Williamson769,F,GENERAL PRACTICE,434 ROUTE 134,HYANNIS,MA,026011854,41.6753274,-70.309939,1,0
995184ce-a099-355e-999a-50f5c804e433,f90ef475-defe-363d-a926-573b38f804a2,Bea654 Schiller186,F,GENERAL PRACTICE,54 HOPEDALE ST,HOPKINTON,MA,017481672,42.2288875,-71.5196439,30,0
8ffe4608-fa72-3389-8bbf-0b34bd3fee6f,41f66e18-8eb7-32f2-9371-7df5bf2b8d21,Noma845 Mraz590,F,GENERAL PRACTICE,170 UNIVERSITY DRIVE,GREENFIELD,MA,013011238,42.6097476,-72.5979752,1,0
fa7e6741-4484-39e6-9f88-cc56c66a021a,a25107f7-f4f5-36fc-98e4-f3e1b5875c91,Rubén780 Garay400,M,GENERAL PRACTICE,1285 BEACON ST,WOBURN,MA,018012157,42.4979478,-71.1684508,9,0
9b8ce507-1098-3ed9-80ad-a48ac99a77a4,0e6c3ad1-24c1-34cb-bb6d-e8438fa319e2,Eufemia350 Casper496,F,GENERAL PRACTICE,50 DODGE ST,SWAMPSCOTT,MA,019071300,42.4699241,-70.9171507,1,0
cfab6aa4-bfc8-3ef3-8787-1337f71264e3,b4ca31a9-9d34-3ea1-93c4-443941622304,Ellie521 Nicolas769,F,GENERAL PRACTICE,102 MAIN ST,GREENFIELD,MA,013013224,42.5879173,-72.6055828841603,28,0
98e1d658-3e67-3f32-8eaf-8d870f94647e,05fcf001-ab24-3d7d-85f7-f64942d82738,Leonarda398 Schumm995,F,GENERAL PRACTICE,250 POND STREET,FRAMINGHAM,MA,017014592,42.2838619,-71.4093719,244,0
c26f83e3-194f-3600-8a52-ba95efba4fb0,e87cda4c-1ad8-3a9e-b55f-7bfe987610ce,Josephina269 Bechtelar572,F,GENERAL PRACTICE,326 NICHOLS RD,FITCHBURG,MA,014201914,42.5974358,-71.80761197366103,46,0
a9c11786-c588-36c7-8145-88d453b5d26b,e7b77e8f-b607-3273-aef9-ad1bca48813f,Ivonne773 Turcotte120,F,GENERAL PRACTICE,209 W CENTRAL ST STE 216,NATICK,MA,017603716,42.28202598359604,-71.3899479380402,91,0
6d44d702-e520-3836-984a-8137b408fbfd,28d71598-85eb-3a0e-90c1-22e0be1af57c,Sammie902 Hermann103,M,GENERAL PRACTICE,38 MULBERRY ST STE 204,NORTHAMPTON,MA,010602832,42.35436315,-72.70256804599192,29,0
cf4bb762-cea1-39df-8721-2e81b5c59776,f68ebf98-ba5b-35af-b2bd-da56cc5b13be,Shaun461 Hintz995,M,GENERAL PRACTICE,270 LITTLETON RD STE 22,WESTFORD,MA,018863524,42.5569148,-71.4366336131239,5,0
0e346bc1-cca4-3ed6-be55-45c7e22375bc,d24e558b-6659-3c62-bfa7-938aa245c8a8,Ronna740 Crooks415,F,GENERAL PRACTICE,4 COURTHOUSE LANE SUITE 1-3,CHELMSFORD,MA,018241737,42.62439345,-71.35881000636567,74,0
3915c3ac-610d-3597-a89f-8fbeaa69cef9,9adfae03-673d-365d-9052-f705098fa3e4,Daniel959 Wolff180,M,GENERAL PRACTICE,51 BLOSSOM ST,BOSTON,MA,021142699,42.36305545,-71.06643399281765,211,0
08eaf8e1-2d39-3466-a156-3c2c3f23f581,48a07866-e8d7-3268-aa3c-ca3237c8e6f3,Devona405 Stamm704,F,GENERAL PRACTICE,188 PROVIDENCE ST,HYDE PARK,MA,021361861,42.2682551,-71.12174592925336,34,0
0cb09456-7747-3609-af72-b79186ae3951,25431f9a-00e4-36d8-9810-4125328eec50,Paris331 Ruecker817,M,GENERAL PRACTICE,55 FRUIT ST,WALTHAM,MA,02451,42.3756401,-71.2358004,329,0
b483a1a0-0353-340d-8070-6cc480a5d49e,89171335-b9c0-3326-98d6-a837d432b9fd,Louis204 Hauck852,M,GENERAL PRACTICE,150 FLANDERS ROAD,LYNN,MA,019042915,42.466763,-70.9494939,2,0
a41dd33d-943e-3167-897e-31d3b99479d2,217cb6f6-e822-3831-9d9d-ffa104971042,Cira533 Jakubowski832,F,GENERAL PRACTICE,2 REHABILITATION WAY,WOBURN,MA,018016003,42.46352265,-71.161925472006,218,0
994f762d-8e9b-39b6-804e-5169e3ae9ee3,8a6e21d0-da20-3378-8176-4e5ad2b51983,Wes853 Torphy630,M,GENERAL PRACTICE,84 ELM STREET,HOLLISTON,MA,017462138,42.20234485,-71.42493275079366,2,0
cd710660-2db8-3337-b853-e07fadfe2457,e2a8b444-9b8f-36ff-84c4-05ee98589482,Elmer371 Gusikowski974,M,GENERAL PRACTICE,8 SHIPWAY PL # C-8,CHARLESTOWN,MA,021294301,42.3778749,-71.0619957,143,0
cdd59dbb-6995-398d-ac36-eb29e6e42f78,71f4c23f-7559-31ff-8f42-a672e80b85a2,Sallie654 Jast432,F,GENERAL PRACTICE,300 FIRST AVENUE,WESTBOROUGH,MA,015812831,42.2694308,-71.6129907,22,0
652ca616-b594-375c-a2e1-c9b469bff23f,05f80ed8-6a7a-3728-8b5c-c5c995c8244a,Vernita491 Cartwright189,F,GENERAL PRACTICE,150 South Huntington Avenue,Jamaica Plain,MA,02130,42.32809,-71.11076,740,0
8b1f1fc7-7bcb-3c8d-97ff-d9c8537ccfd2,121b0ad1-1beb-3caa-9271-3d3f726bb727,Cortez851 Price929,M,GENERAL PRACTICE,1030 MAIN STREET,WALTHAM,MA,024517447,42.375828,-71.2527956,75,0
f890f35f-c1e8-34ce-b711-277f00fcde8d,0a2252ba-33de-322f-8f0a-e5b0141f1780,Lincoln623 Block661,M,GENERAL PRACTICE,632 BLUE  HILL AVENUE,DORCHESTER,MA,021213213,42.2941088,-71.0885355,38,0
26df7dd3-9cee-3ae2-bfec-60fc409d3064,67cade01-dcfe-37b7-8e2c-b712d9e6fbba,Lelah386 Wintheiser220,F,GENERAL PRACTICE,694 MAIN ST,HOLDEN,MA,015201862,42.3406819,-71.8390289,25,0
318e07e9-3c27-33fc-b4a8-4b7de4fd1362,11a40a26-a5a3-331d-aef0-d06dd90e2b4e,Miguel815 Crespo500,M,GENERAL PRACTICE,10 OSTERVILLE WEST BARNSTABLE RD,YARMOUTH PORT,MA,026752000,41.7020544,-70.249465,103,0
8182bc78-f113-316c-80bd-fdd65781cd29,b954c464-11ea-312b-a3f8-1350775bfa54,Rupert654 Walker122,M,GENERAL PRACTICE,123 CAPTAIN'S ROW,CHELSEA,MA,021504019,42.3917638,-71.0328284,11,0
57ae70bd-eac9-3517-b2c3-1808a9ed89ec,7cb70963-6f86-3eab-a12b-88deb31de793,Katelynn452 Ledner144,F,GENERAL PRACTICE,18 DANA HILL ROAD,STERLING,MA,015642414,42.4106904,-71.7976286731579,2,0
1fd81420-ca4a-34f0-9cfd-fc58eb8cc7d9,485ae27b-c5ba-3fd0-9a16-c9eea20be185,Lael572 Kris249,F,GENERAL PRACTICE,275 MARTINE STREET  SUITE 202,FALL RIVER,MA,027231518,41.68393816525316,-71.1220830626733,2,0
f8755fca-4c8d-3e80-af77-99b1cf700a8a,19f958ef-57cf-33c1-b068-14b32a980813,Jordon466 Bruen238,M,GENERAL PRACTICE,155 BROADWAY RD,DRACUT,MA,018262754,42.67578279999999,-71.29320171860073,37,0
a7b3eaba-7117-390b-85ad-146540285427,76baa51d-0d0f-359d-a07b-7b999a43d42e,Dong972 Gibson10,F,GENERAL PRACTICE,101 STATION DR STE 240,WESTWOOD,MA,020902336,42.20728361922244,-71.15698168263435,39,0
4e952772-28e4-3e30-bbb9-b01b5a0605bc,02d7b144-352f-3eac-97db-6fc4a95bf1fa,Dante562 Reinger292,M,GENERAL PRACTICE,120 SEMINARY AVENUE,AUBURNDALE,MA,024662650,42.34002614299451,-71.24911543639162,25,0
00abca05-6363-38c4-8281-caf6833d9473,53f086de-2fc7-3d35-92c2-aca4ed944e7f,Chang901 Kutch271,M,GENERAL PRACTICE,1 GENERAL ST,LAWRENCE,MA,018412961,42.7097143,-71.15007700778098,292,0
60e5f23b-5ab7-33c5-8ed0-98615c7927ab,6c71cd3b-4f9d-3de3-ad76-5e21f00c7ddd,Elmer371 Skiles927,F,GENERAL PRACTICE,349 HAYDENVILLE RD,LEEDS,MA,010539767,42.3612643,-72.69018391711995,1,0
11e4993b-161d-34ca-83ec-027936602a9f,8d81bd8c-ad6c-37f7-95c9-75fd3de24e86,Hunter736 Marquardt819,M,GENERAL PRACTICE,118 MAIN ST,STURBRIDGE,MA,015661533,42.0905134,-72.06606362965572,28,0
5d932050-52b6-3172-902a-472b04e7176d,c05d73d0-b348-32ce-9fe5-13a720950f37,Abraham100 McDermott739,M,GENERAL PRACTICE,45 DRUM HILL RD,CHELMSFORD,MA,018241503,42.6255635,-71.3615131,47,0
77cbfd98-aa5a-3520-a59f-2d5d0fc825da,d70d47dc-b40c-3a04-8342-35cbfe716409,Pablo44 Murillo232,M,GENERAL PRACTICE,83 LITTLEFIELD RD,NEWTON,MA,024593010,42.3104327,-71.18883283411856,136,0
61d7d2f3-2625-3d44-8a13-e5035ebbd7cc,0592d4e5-a0fb-3143-83cd-8e5a6b066a96,Mica978 Lemke654,F,GENERAL PRACTICE,20 EAST ST,HANOVER,MA,023391638,42.1278249,-70.82664947485381,201,0
d8ba0786-303e-39f9-a91b-ebb0139cdb08,c67ca7ed-4769-3b6c-a0a9-993f1227ff10,Allen322 Veum823,M,GENERAL PRACTICE,1 BLACKBURN DR,GLOUCESTER,MA,019302237,42.6269312,-70.65555242413386,11,0
744d4eb1-d9ac-356c-94c0-694ad25ccf87,7b5bf0fc-c5c0-3f22-980b-fdfff326a9b4,Isidro558 Kling921,M,GENERAL PRACTICE,40 CUMBERLAND AVE,NORTH ATTLEBORO,MA,027604445,41.9316677,-71.35407469790115,5,0
f02aed35-cea3-3bde-beed-037a5b3f8745,ba07b31b-bf14-39b8-be95-4c5ca5062daa,Kim439 Hyatt152,M,GENERAL PRACTICE,1575 CAMBRIDGE ST,CAMBRIDGE,MA,021384308,42.375209549999994,-71.10711344152975,22,0
ec6bbcdb-1ebc-3c6b-b659-fffc8fbbfff3,14036728-b721-3e4b-8755-8ee8ab6ed15e,Melodie819 Schmeler639,F,GENERAL PRACTICE,625 MOUNT AUBURN ST,CAMBRIDGE,MA,021384518,42.375351,-71.1468628,14,0
f4074944-fa87-336a-89c7-0955617d9182,104079d4-560e-3eb8-9a48-d495835a3997,Nevada145 Schmeler639,F,GENERAL PRACTICE,68 CAMP ST,MASHPEE,MA,026493465,41.6484421,-70.4811383,40,0
